img_id,sharpness_raw,noise_raw,brisque_raw,mos
463426919.jpg,35.072296142578125,1.6156831979751587,29.10321044921875,2.35185185185185
8050953362.jpg,3334.476318359375,13.738533973693848,8.92401123046875,3.61111111111111
3880140639.jpg,72.66014862060547,2.56658673286438,33.39208984375,2.31428571428571
7586560076.jpg,2794.442626953125,15.691930770874023,21.18328857421875,3.47619047619048
5172565267.jpg,182.972412109375,4.504417896270752,25.03558349609375,2.6
3952840501.jpg,805.5536499023438,9.84641170501709,64.72601318359375,3.6796875
80498915.jpg,1758.0299072265625,11.512129783630371,18.58038330078125,3.37864077669903
1063722220.jpg,335.5437927246094,5.287600994110107,13.39569091796875,3.03603603603604
7337936636.jpg,2267.261474609375,12.440372467041016,25.76385498046875,3.93636363636364
9060994605.jpg,476.4833984375,6.921688079833984,36.43023681640625,3.55263157894737
49874259.jpg,2018.00048828125,13.34112548828125,13.60223388671875,3.34862385321101
8663368144.jpg,554.7911376953125,7.219130516052246,44.25311279296875,3.64814814814815
6332554758.jpg,515.5164184570312,6.380906581878662,36.22210693359375,3.62745098039216
7087645993.jpg,692.1184692382812,7.465277194976807,21.53173828125,3.51818181818182
5182390374.jpg,77.80692291259766,2.745750665664673,32.42547607421875,2.88
5690961665.jpg,429.6497497558594,6.310580253601074,11.26263427734375,3.82
7946535104.jpg,2100.320556640625,11.745601654052734,13.63885498046875,3.34210526315789
9795395745.jpg,371.0895690917969,5.155401706695557,24.76800537109375,3.22549019607843
4565000392.jpg,821.232421875,7.634028434753418,14.39678955078125,3.22
8102502953.jpg,316.3096008300781,5.2321977615356445,20.45050048828125,3.34313725490196
7189264298.jpg,4021.022705078125,16.073579788208008,10.43475341796875,3.93333333333333
463199566.jpg,2362.344482421875,15.090437889099121,6.87518310546875,2.97222222222222
2676057580.jpg,1662.6129150390625,11.093169212341309,9.57000732421875,3.8019801980198
6143633711.jpg,786.9512329101562,8.165120124816895,13.76068115234375,3.34905660377358
11424871693.jpg,171.84617614746094,4.075620174407959,57.86395263671875,2.41666666666667
5041593593.jpg,215.0277557373047,4.465447902679443,42.8680419921875,2.8019801980198
5290554591.jpg,3190.096435546875,14.195796966552734,14.94891357421875,3.41747572815534
4397886158.jpg,2285.252685546875,12.583246231079102,15.01409912109375,3.23148148148148
4429141481.jpg,5921.166015625,20.10552978515625,32.49871826171875,3.65486725663717
7391355184.jpg,1888.1568603515625,12.435722351074219,11.62078857421875,3.82882882882883
7445548804.jpg,172.969970703125,4.332107067108154,19.00775146484375,2.96116504854369
4976269857.jpg,9436.1396484375,26.42833709716797,15.07391357421875,3.85454545454545
9588413178.jpg,3879.185302734375,16.54080581665039,14.41424560546875,3.56701030927835
7286003056.jpg,481.6485290527344,6.885468006134033,37.88604736328125,3.52941176470588
4886518096.jpg,137.2085418701172,3.7396068572998047,21.6593017578125,2.87037037037037
3475877294.jpg,66.36569213867188,2.6334991455078125,28.7298583984375,2.06306306306306
8081688318.jpg,166.98683166503906,3.9061689376831055,4.3660888671875,3.46534653465347
6805903671.jpg,1732.1099853515625,11.27104377746582,-1.09259033203125,3.75925925925926
4321708869.jpg,56.885005950927734,2.4766225814819336,30.43194580078125,2.84158415841584
8468013032.jpg,91.87067413330078,2.9574170112609863,20.97467041015625,3.07766990291262
5090001239.jpg,1039.8331298828125,8.992216110229492,3.5123291015625,3.19587628865979
9962870083.jpg,1033.4088134765625,9.589143753051758,13.95428466796875,2.86792452830189
3379476157.jpg,178.78330993652344,4.331470489501953,14.70745849609375,3.40566037735849
8677186401.jpg,11592.2470703125,26.778095245361328,24.45526123046875,3.27027027027027
483164670.jpg,48.70026779174805,2.3655378818511963,19.35076904296875,2.51818181818182
9458721242.jpg,173.5546417236328,4.388883113861084,31.63214111328125,3.05607476635514
5164262533.jpg,1971.6385498046875,11.78509521484375,8.06854248046875,3.39805825242718
7510743692.jpg,3679.359130859375,15.8224458694458,7.4736328125,3.34905660377358
6870596537.jpg,22.490827560424805,1.5603108406066895,45.20404052734375,3.06862745098039
9680493700.jpg,16.525705337524414,1.2800196409225464,34.1929931640625,1.87037037037037
1558503807.jpg,1243.5694580078125,9.83655071258545,24.34539794921875,3.22
3980401611.jpg,53.10215377807617,2.742490530014038,35.07037353515625,2.66355140186916
6116188135.jpg,4747.076171875,18.40631103515625,9.34686279296875,3.70093457943925
2476813465.jpg,66.1386947631836,2.5843396186828613,19.35516357421875,3.08910891089109
3647757599.jpg,314.2122802734375,5.73835563659668,23.81951904296875,3.05660377358491
3726632967.jpg,368.0166015625,5.287263870239258,-3.72467041015625,3.37254901960784
4765708291.jpg,4865.11181640625,17.05868911743164,20.21478271484375,3.71171171171171
2138874780.jpg,367.08935546875,6.3174519538879395,28.44647216796875,3.49473684210526
5062026548.jpg,541.9633178710938,7.3232526779174805,11.92864990234375,2.51428571428571
5363058682.jpg,65.64209747314453,2.615250587463379,41.43572998046875,1.72380952380952
3913188131.jpg,5017.4306640625,17.9103946685791,18.72479248046875,3.98076923076923
8229585759.jpg,3364.711181640625,14.787748336791992,-11.28643798828125,3.14814814814815
7424501528.jpg,870.3342895507812,7.898192882537842,40.60174560546875,3.54954954954955
4770545465.jpg,178.0899200439453,4.188932418823242,19.27215576171875,3.67592592592593
5308397567.jpg,4779.138671875,19.464855194091797,25.47332763671875,3.8019801980198
8530869068.jpg,688.597412109375,7.891761302947998,24.62713623046875,3.4
7999186610.jpg,171.02760314941406,3.7812676429748535,19.68914794921875,2.91743119266055
5644717504.jpg,87.21039581298828,2.627140760421753,3.85955810546875,2.76146788990826
8404905802.jpg,834.146728515625,8.534401893615723,6.14801025390625,2.79090909090909
8588348191.jpg,170.04139709472656,4.004695415496826,14.62969970703125,3.00952380952381
4771924563.jpg,31.593358993530273,1.8136411905288696,23.618896484375,3.06
7505379000.jpg,903.9334106445312,8.013577461242676,75.84149169921875,3.0952380952381
11461273913.jpg,2444.22607421875,13.539422988891602,4.33917236328125,3.61538461538462
5334294455.jpg,1920.8360595703125,15.490466117858887,49.86297607421875,3.54128440366972
8319445883.jpg,2524.025146484375,13.225011825561523,1.39862060546875,3.64545454545455
6799140939.jpg,838.0884399414062,8.978256225585938,31.25897216796875,3.17647058823529
198187235.jpg,317.0440979003906,4.951437473297119,0.51507568359375,3.24242424242424
10767441335.jpg,1432.3505859375,10.867980003356934,14.39080810546875,3.77884615384615
42490373.jpg,2568.086669921875,13.854808807373047,5.71893310546875,3.31067961165049
5886086971.jpg,73.31290435791016,2.7345924377441406,24.03985595703125,2.68627450980392
7102475637.jpg,3090.811279296875,14.401883125305176,-1.84600830078125,3.32352941176471
8691658021.jpg,628.8054809570312,6.337319850921631,10.05926513671875,3.63725490196078
8391854291.jpg,657.9920043945312,8.470029830932617,27.27801513671875,2.81904761904762
8709697980.jpg,1583.9332275390625,11.877409934997559,14.25555419921875,3.56
7141864663.jpg,539.6471557617188,6.784080982208252,9.3380126953125,3.04950495049505
7809493264.jpg,1125.8375244140625,9.710914611816406,-0.29107666015625,3.88349514563107
6111148526.jpg,63.08331298828125,2.942307710647583,46.19500732421875,2.07142857142857
7331539774.jpg,2759.437255859375,14.592560768127441,18.14324951171875,3.72727272727273
641595598.jpg,4842.52685546875,18.471691131591797,26.14276123046875,3.83018867924528
7167608916.jpg,2228.387451171875,12.448185920715332,14.22235107421875,3.52380952380952
5525531268.jpg,63.51518630981445,2.412358283996582,30.99639892578125,2.76106194690265
4857542718.jpg,1380.8138427734375,10.646899223327637,19.94696044921875,3.75
8329144701.jpg,127.41162872314453,3.8235437870025635,68.09295654296875,3.11881188118812
8346245093.jpg,4206.24267578125,15.512012481689453,37.65789794921875,2.77669902912621
8781992421.jpg,1740.3338623046875,11.494183540344238,26.54144287109375,3.66990291262136
3314110889.jpg,1307.0123291015625,10.355602264404297,5.96649169921875,3.51428571428571
10915557435.jpg,552.0441284179688,7.523635387420654,29.36175537109375,2.5047619047619
6907198605.jpg,310.0972595214844,5.6676740646362305,20.98504638671875,3.40776699029126
5895477446.jpg,138.16160583496094,3.3253023624420166,10.04412841796875,3.8252427184466
6657359355.jpg,38.7907600402832,2.1353044509887695,26.75439453125,2.60909090909091
5168834860.jpg,2986.179443359375,16.445518493652344,39.75738525390625,4.19090909090909
6352194993.jpg,644.8372802734375,7.6981329917907715,68.41229248046875,3.5
11509515706.jpg,9.002760887145996,0.9709001779556274,43.3143310546875,2.35398230088496
1029470257.jpg,3667.425048828125,17.54511833190918,15.32537841796875,2.63063063063063
5430572465.jpg,34.32436752319336,1.4712578058242798,14.3409423828125,3.55769230769231
8083120146.jpg,1194.6585693359375,9.907806396484375,1.06903076171875,3.89622641509434
6113689999.jpg,324.142822265625,5.3477783203125,40.86541748046875,3.7843137254902
4585460509.jpg,306.1481628417969,5.272627353668213,23.68951416015625,3.19642857142857
223191871.jpg,1767.3157958984375,12.596020698547363,8.11627197265625,2.52427184466019
3881103730.jpg,1807.2763671875,12.274675369262695,0.37152099609375,3.99074074074074
5289133619.jpg,85.5892105102539,2.6881558895111084,28.40948486328125,2.92783505154639
9429089796.jpg,2053.481201171875,13.727275848388672,9.44744873046875,3.82407407407407
7017996705.jpg,630.1124877929688,6.826669692993164,16.12603759765625,3.15107913669065
6795803065.jpg,143.00987243652344,4.248684406280518,39.70306396484375,2.44660194174757
563494328.jpg,29.17421531677246,1.62212073802948,23.77435302734375,1.93577981651376
3960444662.jpg,361.3938903808594,4.658024311065674,7.74334716796875,3.80555555555556
8498192267.jpg,129.11622619628906,3.569913625717163,43.01409912109375,2.42452830188679
5200584536.jpg,544.2051391601562,7.366008281707764,13.95465087890625,2.73333333333333
3467784087.jpg,587.3917236328125,7.183272361755371,13.58074951171875,3.49056603773585
2949029930.jpg,352.5106201171875,4.266149997711182,25.81951904296875,2.33834586466165
9294636383.jpg,174.1779327392578,3.8948628902435303,7.47625732421875,2.14736842105263
6952458517.jpg,352.001708984375,5.296867370605469,6.65789794921875,3.03636363636364
6309109435.jpg,147.2185516357422,4.297922134399414,34.31951904296875,2.26732673267327
6577277115.jpg,1528.0052490234375,10.139289855957031,11.43280029296875,3.2781954887218
8439178228.jpg,300.3680725097656,5.598364353179932,27.04840087890625,2.75238095238095
3736418288.jpg,245.21539306640625,4.383735179901123,9.11566162109375,2.93069306930693
6216628901.jpg,543.8218994140625,5.812313556671143,10.9981689453125,3.86138613861386
128293583.jpg,567.5768432617188,6.297601222991943,-8.18914794921875,3.75490196078431
4953282690.jpg,19.014114379882812,1.342674970626831,61.54095458984375,1.41121495327103
6272882973.jpg,115.5003433227539,3.486959934234619,38.77044677734375,2.95973154362416
12949713.jpg,3755.987548828125,15.452613830566406,17.54998779296875,4.15384615384615
4095160762.jpg,2862.23046875,15.203516960144043,3.10723876953125,3.43119266055046
8044678667.jpg,1397.6153564453125,10.92239761352539,8.31243896484375,3.82882882882883
6965747606.jpg,1279.91796875,9.717123031616211,-7.2431640625,3.91428571428571
6000377344.jpg,25.645273208618164,1.526917576789856,33.14190673828125,2.75
8064361291.jpg,285.8433837890625,5.15069055557251,17.16497802734375,2.42718446601942
2568268182.jpg,421.0520324707031,6.485840797424316,6.55682373046875,2.86138613861386
9613563930.jpg,307.4996643066406,5.168538570404053,46.59442138671875,3.76470588235294
6166626410.jpg,55.4690055847168,2.203373670578003,14.11444091796875,2.84761904761905
7870688128.jpg,2006.4766845703125,11.925155639648438,4.47235107421875,3.31410256410256
2844802224.jpg,167.63804626464844,3.8210904598236084,26.68438720703125,3.01904761904762
7769931466.jpg,3990.30859375,17.867603302001953,19.08319091796875,2.73584905660377
5885686436.jpg,68.201416015625,2.381948709487915,54.16766357421875,3.6
6865774865.jpg,7351.19873046875,24.480161666870117,3.49139404296875,3.50467289719626
9702746204.jpg,1572.8203125,11.978821754455566,12.93377685546875,3.24271844660194
6678741473.jpg,1008.4196166992188,8.376165390014648,-0.37310791015625,3.81
6701756497.jpg,3659.930908203125,14.880677223205566,18.23748779296875,3.48181818181818
8391500206.jpg,37.46039962768555,1.7247494459152222,15.61297607421875,2.70192307692308
7108939139.jpg,977.8912963867188,8.529694557189941,-1.06378173828125,3.99082568807339
3044304939.jpg,1167.3731689453125,9.877970695495605,39.2694091796875,3.06542056074766
10921880365.jpg,1154.6966552734375,10.001845359802246,7.16131591796875,3.53333333333333
9274677525.jpg,88.89977264404297,3.016281843185425,19.920654296875,3.11926605504587
6074911475.jpg,436.551025390625,6.033889293670654,7.30096435546875,2.84313725490196
3946405001.jpg,12092.0263671875,27.389541625976562,23.30194091796875,3.66666666666667
7318578602.jpg,2061.134765625,13.350972175598145,16.85125732421875,3.73809523809524
4095383312.jpg,184.148193359375,5.342554092407227,24.8035888671875,2.52380952380952
8278414113.jpg,1867.6937255859375,13.357746124267578,19.97918701171875,3.06896551724138
9805144264.jpg,3012.077392578125,15.831589698791504,6.39471435546875,2.99038461538462
8297923368.jpg,1260.8790283203125,11.085225105285645,24.15399169921875,3.51181102362205
5740846112.jpg,100.26371002197266,3.402677536010742,20.12078857421875,3.00961538461538
6124044226.jpg,1439.54443359375,11.489665985107422,6.3056640625,3.68041237113402
8718592525.jpg,2700.094970703125,13.965054512023926,29.38079833984375,3.63207547169811
4867659714.jpg,6864.55322265625,19.595664978027344,38.95062255859375,3.21495327102804
5184506144.jpg,1864.6275634765625,13.659173965454102,64.92645263671875,4.0
6366256547.jpg,10516.9169921875,24.867238998413086,32.33612060546875,3.59259259259259
11406584295.jpg,1105.2796630859375,10.230571746826172,17.94696044921875,3.12380952380952
8520265759.jpg,107.9576416015625,3.6424357891082764,35.48443603515625,2.92233009708738
3563134047.jpg,1028.0516357421875,8.382224082946777,18.79058837890625,3.5047619047619
8417110649.jpg,418.205078125,5.666643142700195,7.66961669921875,2.76923076923077
435179511.jpg,3207.427734375,15.013940811157227,16.12567138671875,4.0
5602088551.jpg,72.00194549560547,2.7153759002685547,19.44683837890625,3.46846846846847
2124048872.jpg,27.150320053100586,1.8200974464416504,96.20721435546875,2.81
8918860577.jpg,834.72119140625,8.579439163208008,14.11932373046875,2.51376146788991
9527733918.jpg,1015.9050903320312,8.045082092285156,-0.91217041015625,3.5
9315620500.jpg,4952.7802734375,18.989978790283203,7.43621826171875,3.47826086956522
4463467980.jpg,5783.57666015625,21.398216247558594,72.23583984375,4.06481481481481
3352596853.jpg,16.91796875,1.3523973226547241,55.14971923828125,2.17592592592593
1103755154.jpg,3066.346923828125,14.738508224487305,19.75262451171875,3.67567567567568
2908299910.jpg,211.43983459472656,4.444034576416016,17.61053466796875,2.85585585585586
4000012271.jpg,3446.7119140625,15.260725975036621,10.32440185546875,3.99090909090909
9494953335.jpg,875.21875,8.97397232055664,25.29754638671875,3.45945945945946
2537782042.jpg,1537.1497802734375,11.139699935913086,19.90106201171875,3.36893203883495
7797268116.jpg,3998.229736328125,16.842252731323242,62.7830810546875,3.42857142857143
2298963655.jpg,2161.667724609375,12.49439525604248,6.50506591796875,3.55140186915888
9642249347.jpg,273.3270263671875,4.831104278564453,23.85833740234375,2.94285714285714
4965455693.jpg,114.99178314208984,3.536555051803589,34.2841796875,2.82692307692308
7277660018.jpg,102.33380126953125,3.0452582836151123,19.33837890625,3.65094339622642
181220864.jpg,522.961669921875,5.826076030731201,9.13665771484375,2.11538461538462
5660186741.jpg,572.1762084960938,6.816492557525635,5.30535888671875,2.38938053097345
306909339.jpg,33.47330856323242,1.668360710144043,7.784423828125,2.61538461538462
6233076325.jpg,4954.03515625,17.6409969329834,25.53924560546875,3.69230769230769
5588665887.jpg,15710.9111328125,32.52208709716797,22.69500732421875,3.55555555555556
4920401436.jpg,60.228607177734375,2.737708330154419,35.67572021484375,2.62406015037594
4344642946.jpg,1434.68505859375,10.362796783447266,12.67462158203125,3.71428571428571
2753587179.jpg,82.96863555908203,2.8737945556640625,19.47357177734375,3.23157894736842
9545794561.jpg,6043.29296875,17.923107147216797,123.53948974609375,3.64754098360656
9222727460.jpg,3054.063720703125,15.456319808959961,37.99822998046875,2.76470588235294
4919695267.jpg,197.8323516845703,4.115376949310303,34.03192138671875,3.02727272727273
468764619.jpg,4884.66552734375,20.68584632873535,9.61199951171875,3.1980198019802
8333814090.jpg,30.21341896057129,1.9046739339828491,22.3272705078125,2.78846153846154
8532727626.jpg,1329.0775146484375,10.314739227294922,-0.93353271484375,3.59633027522936
7169239087.jpg,644.91845703125,7.5348663330078125,13.78289794921875,3.91891891891892
2422172125.jpg,103.5348892211914,3.5641331672668457,19.82171630859375,2.35514018691589
9583424619.jpg,1132.5062255859375,9.278200149536133,11.8690185546875,3.36734693877551
8608557464.jpg,989.9443359375,8.94322395324707,25.15447998046875,3.34905660377358
3761519418.jpg,2401.94580078125,12.177985191345215,28.77581787109375,3.77685950413223
5520092588.jpg,434.3633117675781,6.417389392852783,-2.12652587890625,2.84905660377358
3355200103.jpg,1441.9488525390625,11.571781158447266,0.36944580078125,3.64492753623188
5804026649.jpg,863.0667114257812,8.401269912719727,16.52606201171875,3.88785046728972
10689538413.jpg,1574.8968505859375,11.51802921295166,13.29852294921875,3.76851851851852
8066713457.jpg,1464.5714111328125,11.435548782348633,23.32733154296875,3.37383177570093
7991223182.jpg,441.672119140625,6.92672872543335,19.19940185546875,3.35922330097087
5310307882.jpg,31.26207160949707,1.9569355249404907,49.90643310546875,3.00990099009901
95019293.jpg,346.3304748535156,5.664649963378906,7.75384521484375,2.39423076923077
2624882684.jpg,2729.65576171875,14.84067440032959,28.75384521484375,3.59090909090909
5204782737.jpg,48.87765884399414,2.5818030834198,39.764404296875,2.73529411764706
10678350303.jpg,6165.21826171875,20.797752380371094,24.2022705078125,3.50877192982456
10069534975.jpg,2614.875732421875,13.699751853942871,7.81805419921875,3.67592592592593
2578696926.jpg,6040.06982421875,19.026765823364258,17.97821044921875,3.77570093457944
2696730288.jpg,845.90625,7.69589900970459,-18.38720703125,3.48514851485149
8246841627.jpg,2177.152587890625,11.512884140014648,4.29998779296875,4.03
4556962196.jpg,566.0999145507812,5.285528659820557,3.47894287109375,3.34
8104089685.jpg,2036.4232177734375,11.899802207946777,21.02557373046875,3.20192307692308
8515582085.jpg,27.476211547851562,1.5838924646377563,12.54730224609375,3.44954128440367
3016815898.jpg,13.470244407653809,1.1963200569152832,35.30926513671875,2.78301886792453
2034844231.jpg,1128.419189453125,10.140786170959473,14.65643310546875,3.1588785046729
5505953336.jpg,26.019723892211914,1.4559075832366943,20.31365966796875,1.74774774774775
8506941154.jpg,477.967041015625,7.402830600738525,17.06414794921875,3.16190476190476
2824866912.jpg,1853.2467041015625,12.67281723022461,0.23309326171875,3.32380952380952
8438601990.jpg,161.593994140625,3.843238592147827,31.23358154296875,3.37735849056604
8244040268.jpg,3609.5205078125,15.26650333404541,23.73944091796875,3.6734693877551
3973813247.jpg,50.84553146362305,2.1285078525543213,30.68121337890625,2.52727272727273
6496266341.jpg,99.54537200927734,3.863401174545288,52.94708251953125,2.32692307692308
6899120807.jpg,963.0311889648438,8.444396018981934,27.59930419921875,3.32380952380952
10186680555.jpg,1494.0059814453125,12.051182746887207,29.42840576171875,3.06730769230769
8362338513.jpg,18.38599967956543,1.340212106704712,32.57684326171875,2.78571428571429
6128600017.jpg,3426.2265625,14.62540054321289,3.59222412109375,3.92156862745098
1194894463.jpg,331.7815856933594,5.287267684936523,11.17205810546875,3.40952380952381
5980068668.jpg,1110.0157470703125,9.907915115356445,31.98260498046875,3.52380952380952
3381533789.jpg,38.52618408203125,1.8676531314849854,39.87005615234375,2.13725490196078
4127387822.jpg,1247.5633544921875,9.463810920715332,2.50177001953125,3.75238095238095
7473958436.jpg,6294.8671875,21.40883445739746,21.30828857421875,3.88
3288428899.jpg,181.2162322998047,4.685112476348877,37.43560791015625,2.27619047619048
4214561622.jpg,109.29537200927734,2.9551150798797607,24.76190185546875,2.66037735849057
11307198154.jpg,9758.85546875,24.918611526489258,21.32000732421875,3.86
7271105620.jpg,737.8200073242188,7.966468334197998,23.51190185546875,3.87619047619048
10925112255.jpg,21.696504592895508,1.4146060943603516,33.43865966796875,1.89795918367347
7980164509.jpg,26.879682540893555,1.5767749547958374,32.69512939453125,2.98076923076923
7249502132.jpg,109.6297607421875,3.301851987838745,21.66900634765625,3.44897959183673
5939994525.jpg,783.3223266601562,8.787066459655762,14.95599365234375,2.56862745098039
4572287798.jpg,46.45260238647461,2.1824498176574707,41.97576904296875,2.91176470588235
8665859306.jpg,177.3609161376953,4.04823637008667,49.30218505859375,3.2280701754386
264903403.jpg,2154.057861328125,12.336219787597656,29.51361083984375,3.54807692307692
7673801638.jpg,2812.079345703125,15.214407920837402,11.29241943359375,3.9009900990099
255984640.jpg,373.7369384765625,5.895256996154785,19.85919189453125,2.67924528301887
3567613299.jpg,374.46240234375,5.782883167266846,7.232666015625,3.50892857142857
3254432034.jpg,3145.839111328125,14.973325729370117,6.07879638671875,3.34862385321101
3170684406.jpg,2189.509033203125,12.648200988769531,11.86407470703125,3.58490566037736
5847946773.jpg,16.64391326904297,1.2512242794036865,40.16888427734375,2.60377358490566
1331642031.jpg,459.9075622558594,6.018886089324951,-6.0550537109375,2.96428571428571
8488394767.jpg,1290.2152099609375,10.910294532775879,28.14422607421875,3.47619047619048
5681482199.jpg,1978.328125,12.833115577697754,-7.04473876953125,3.18691588785047
5363486044.jpg,278.1589660644531,5.234312534332275,20.7884521484375,3.03809523809524
9642860901.jpg,265.9532775878906,4.508881092071533,29.62127685546875,3.61320754716981
8352587213.jpg,803.523193359375,7.912621974945068,6.14324951171875,3.26168224299065
3416752031.jpg,759.7962036132812,9.216049194335938,17.54364013671875,3.47222222222222
432256405.jpg,49.98191833496094,2.1271872520446777,15.13934326171875,2.93518518518519
9592992525.jpg,74.32308959960938,2.9225480556488037,39.96697998046875,2.79090909090909
6991133333.jpg,76.31026458740234,2.723262071609497,35.87786865234375,3.2803738317757
8573294301.jpg,905.2101440429688,7.8996171951293945,20.24578857421875,2.23076923076923
6978738588.jpg,2150.674560546875,12.58199691772461,14.74237060546875,3.71428571428571
10397631976.jpg,233.5543212890625,4.437116622924805,1.42547607421875,3.70093457943925
5955805991.jpg,678.3341674804688,7.871986389160156,18.66204833984375,3.76851851851852
7123405099.jpg,2503.072998046875,15.290549278259277,28.39190673828125,3.16037735849057
6983458217.jpg,2074.658203125,12.119330406188965,48.09368896484375,3.37
2113239475.jpg,13.924906730651855,1.1896699666976929,39.23529052734375,3.11926605504587
4264601430.jpg,255.8364715576172,4.635897636413574,18.15460205078125,3.76146788990826
34713269.jpg,343.6829528808594,5.656826019287109,10.79168701171875,2.26470588235294
9485553260.jpg,4784.58544921875,20.111928939819336,11.83367919921875,3.78787878787879
3048643650.jpg,144.5500030517578,4.120664119720459,19.43621826171875,2.93798449612403
69161613.jpg,4602.36865234375,17.704309463500977,51.85174560546875,3.67307692307692
8503871115.jpg,1099.5091552734375,8.818893432617188,4.58172607421875,3.29245283018868
5996648026.jpg,814.8214721679688,8.657248497009277,16.62762451171875,3.27450980392157
129023751.jpg,927.5607299804688,8.911809921264648,12.329345703125,3.92929292929293
7954324384.jpg,143.3705596923828,3.901571035385132,16.96575927734375,3.21
5891437045.jpg,662.9380493164062,7.393526554107666,8.55413818359375,3.24761904761905
95721252.jpg,793.5925903320312,8.656171798706055,23.81280517578125,2.68571428571429
8343118972.jpg,5744.87353515625,21.07651138305664,28.57781982421875,3.85714285714286
6775082758.jpg,517.0048217773438,7.04496431350708,1.3031005859375,3.22916666666667
3067455040.jpg,33.63798522949219,1.8471121788024902,18.79949951171875,2.64601769911504
6912813329.jpg,3463.240234375,17.843168258666992,33.96649169921875,3.65740740740741
9130908149.jpg,835.8123168945312,7.910666465759277,14.76654052734375,3.32110091743119
7166012405.jpg,25.71439552307129,1.6858524084091187,36.78643798828125,3.1214953271028
7844179556.jpg,370.06005859375,5.46956729888916,9.773681640625,3.77272727272727
3073780494.jpg,985.9386596679688,9.489648818969727,20.91082763671875,3.00980392156863
8485295618.jpg,89.24462890625,3.243023157119751,10.98651123046875,2.8952380952381
6909401846.jpg,1766.6546630859375,12.708101272583008,24.96356201171875,3.64761904761905
5404092797.jpg,1140.439453125,9.725780487060547,18.63616943359375,3.63157894736842
10111411235.jpg,554.3049926757812,7.994536399841309,42.34051513671875,1.69911504424779
5899300375.jpg,57.29447555541992,2.3055975437164307,31.79803466796875,2.48039215686275
